org.apache.commons.io.EndianUtilsTest;testCtor
org.apache.commons.io.monitor.FileAlterationObserverTestCase;testDirectory
org.apache.commons.io.file.PathUtilsCleanDirectoryTest;testCleanDirectory2FileSize2;testCleanDirectory1FileSize1;testCleanDirectory1FileSize0;testCleanEmptyDirectory
org.apache.commons.io.filefilter.AgeFileFilterTest;testJavadocExampleUsingNio;testNoCounting
org.apache.commons.io.FileUtilsTestCase;testDeleteQuietlyDir;testListFiles;testCopyDirectoryPreserveDates;testCopyDirectoryToDirectory_NonExistingDest;testMoveDirectory_CopyDelete;testListFilesWithDirs;testForceDeleteDir;testCopyDirectoryToNonExistingDest;testIterateFilesAndDirs;testChecksum;testForceDeleteAFile2;testForceDeleteAFile1;testForceDeleteAFile3;testIterateFiles
org.apache.commons.io.filefilter.NameFileFilterTest;testJavadocExampleUsingNio;testNoCounting
org.apache.commons.io.file.PathUtilsContentEqualsTest;testDirectoryAndFileContentEquals;testDirectoryContentEquals
org.apache.commons.io.filefilter.DirectoryFileFilterTest;testJavadocExampleUsingNio
org.apache.commons.io.FileUtilsListFilesTestCase;testListFiles;testIterateFilesByExtension
org.apache.commons.io.file.PathUtilsDeleteDirectoryTest;testDeleteDirectory2FileSize2;testDeleteDirectory1FileSize0NoOptions;testDeleteEmptyDirectory;testDeleteDirectory1FileSize0OverrideReadOnly;testDeleteDirectory1FileSize0;testDeleteDirectory1FileSize1
org.apache.commons.io.file.PathUtilsCountingTest;testCountFolders1FileSize1;testCountEmptyFolder;testCountFolders1FileSize0;testCountFolders2FileSize2
org.apache.commons.io.FileCleaningTrackerTestCase;testFileCleanerDirectory_ForceStrategy
org.apache.commons.io.file.PathUtilsTest;testCopyFile;testNewDirectoryStream
org.apache.commons.io.FileCleanerTestCase;testFileCleanerDirectory_ForceStrategy
org.apache.commons.io.FileDeleteStrategyTestCase;testDeleteForce
org.apache.commons.io.file.PathUtilsDeleteTest;testDeleteDirectory1FileSize1OverrideReadOnly;testDeleteDirectory1FileSize0NoOption;testDeleteEmptyDirectory;testDeleteDirectory1FileSize0OverrideReadonly;testDeleteDirectory1FileSize1NoOption;testDeleteEmptyDirectoryOverrideReadOnly;testDeleteEmptyDirectoryNoOption;testDeleteDirectory1FileSize0;testDeleteDirectory1FileSize1;testDeleteFileDoesNotExist
org.apache.commons.io.FileUtilsCleanDirectoryTestCase;testDeletesRegular;testThrowsOnCannotDeleteFile;testDeletesNested
org.apache.commons.io.FileUtilsCleanSymlinksTestCase;testCleanDirWithASymlinkDir;testCleanDirWithSymlinkFile;testStillClearsIfGivenDirectoryIsASymlink;testCleanDirWithParentSymlinks
org.apache.commons.io.filefilter.FileFilterTestCase;testPathEqualsFilter;testFilterArray_PathVisitorFileFilter_FileExistsNo;testFileEqualsFilter;testFilterArray_PathVisitorFileFilter_FileExistsYes;testEmpty
org.apache.commons.io.file.CountersEqualsAndHashCodeTest;testLongPathCountersHashCodeFileCounters;testLongPathCountersEqualsFileCounters;testLongPathCountersEqualsDirectoryCounters;testMix;testLongPathCountersEqualsByteCounters
org.apache.commons.io.file.PathUtilsDeleteFileTest;testSetReadOnlyFileDirectory1FileSize1;testDeleteFileDirectory1FileSize1;testDeleteReadOnlyFileDirectory1FileSize1;testDeleteFileDirectory1FileSize0;testDeleteFileDoesNotExist
org.apache.commons.io.file.DirectoryStreamFilterTest;testFilterByNameNot;testFilterByName
org.apache.commons.io.file.spi.FileSystemProvidersTest;testGetFileSystemProvider_fileScheme
org.apache.commons.io.FileSystemUtilsTestCase;testGetFreeSpaceWindows_String_ParseCommaFormatBytes_Small;testGetFreeSpaceUnix_String_NormalResponseKbSolaris;testGetFreeSpaceWindows_String_ParseCommaFormatBytes;testGetFreeSpaceOS_String_Unix;testGetFreeSpaceWindows_String_EmptyResponse;testGetFreeSpaceWindows_String_quoted;testGetFreeSpaceUnix_String_EmptyPath;testGetFreeSpaceWindows_String_StripDrive;testGetFreeSpaceOS_String_NullPath;testGetFreeSpaceOS_String_InitError;testGetFreeSpaceUnix_String_InvalidResponse4;testGetFreeSpaceUnix_String_InvalidResponse3;testGetFreeSpaceUnix_String_EmptyResponse;testGetFreeSpaceUnix_String_InvalidResponse2;testGetFreeSpaceWindows_String_NormalResponse;testGetFreeSpaceUnix_String_InvalidResponse1;testGetFreeSpaceOS_String_Windows;testGetFreeSpaceOS_String_Other;testGetFreeSpaceWindows_String_InvalidTextResponse;testGetFreeSpaceWindows_String_EmptyMultiLineResponse;testGetFreeSpaceWindows_String_NoSuchDirectoryResponse;testGetFreeSpaceUnix_String_LongResponse;testGetFreeSpaceUnix_String_NormalResponseKbFreeBSD;testGetFreeSpaceUnix_String_NormalResponseFreeBSD;testGetFreeSpaceWindows_String_ParseCommaFormatBytes_Big;testGetFreeSpaceWindows_String_EmptyPath;testGetFreeSpaceUnix_String_NormalResponseLinux;testGetFreeSpaceUnix_String_NormalResponseKbLinux;testGetFreeSpaceUnix_String_LongResponseKb
org.apache.commons.io.input.CharSequenceInputStreamTest;testSkip_USASCII;testBufferedRead_UTF8;testLargeSingleByteRead_RequiredCharsets;testBufferedRead_RequiredCharset;testIO_356_B10_D10_S1_UTF8;testIO_356_B10_D13_S0_UTF8;testReadZero_EmptyString;testLargeBufferedRead_RequiredCharsets;testCharsetMismatchInfiniteLoop_RequiredCharsets;testMarkReset_USASCII;testIO_356_B10_D13_S1_UTF8;testMarkReset_UTF8;testLargeSingleByteRead_UTF8;testBufferedRead_AvailableCharset;testSingleByteRead_UTF8;testIO_356_B10_D20_S0_UTF8;testIO_356_B10_D10_S2_UTF8;testIO_356_Loop_UTF8;testSkip_UTF8;testSingleByteRead_RequiredCharsets;testMarkSupported;testSingleByteRead_UTF16;testIO_356_Loop_UTF16;testIO_356_B10_D10_S0_UTF16;testReadZero_RequiredCharsets;testLargeBufferedRead_UTF8;testAvailable;testIO_356_B10_D10_S0_UTF8
org.apache.commons.io.output.FileWriterWithEncodingTest;sameEncoding_string_CharsetEncoder_constructor;sameEncoding_string_constructor;sameEncoding_Charset_constructor;sameEncoding_null_Charset_constructor;sameEncoding_string_Charset_constructor;constructor_File_encoding_badEncoding;testDifferentEncoding;constructor_File_nullFile;sameEncoding_CharsetEncoder_constructor;sameEncoding_string_string_constructor;constructor_File_directory
org.apache.commons.io.output.LockableFileWriterTest;testConstructor_File_nullFile;testAlternateLockDir;testFileNotLocked;testFileLocked;testConstructor_File_directory
org.apache.commons.io.input.CountingInputStreamTest;testLargeFiles_IO84
org.apache.commons.io.output.CountingOutputStreamTest;testLargeFiles_IO84
org.apache.commons.io.IOUtilsTestCase;testConsume
org.apache.commons.io.input.TeeInputStreamTest;testCloseBranchIOException
org.apache.commons.io.IOUtilsCopyTestCase;testCopy_inputStreamToOutputStream_IO84
org.apache.commons.io.output.NullPrintStreamTest;testNullSingleton
org.apache.commons.io.output.NullOutputStreamTest;testSingleton
org.apache.commons.io.output.TeeOutputStreamTest;testIOExceptionOnClose